player_id,n,xcross,xcrossot,actual,xcross_se,execution,over_expected,xcross_ci_low,xcross_ci_high,nickname,position_group,league,season
18594,24,0.3897009722148021,0.35965522267780675,0.4583333333333333,0.012831049596199785,-0.030045749536995348,0.06863236111853122,0.3645521150062505,0.4148498294233537,Guilherme,CM,brasileirao,2023
16558,49,0.3758395062670073,0.3953352769041925,0.3877551020408163,0.0060257248126994,0.019495770637185217,0.011915595773809018,0.36402908563411646,0.38764992689989813,Raphael Veiga,AM,brasileirao,2023
13930,27,0.374436472232311,0.40159031056999894,0.25925925925925924,0.009451298325226298,0.02715383833768792,-0.11517721297305178,0.3559119275148675,0.39296101694975455,Giorgian De Arrascaeta,AM,brasileirao,2023
15810,20,0.37369151102318376,0.2941554266210752,0.3,0.010755703386065983,-0.07953608440210858,-0.07369151102318378,0.3526103323864944,0.3947726896598731,Calebe,CM,brasileirao,2023
16017,36,0.3727684124083856,0.49270887930009377,0.5833333333333334,0.007514253053280517,0.11994046689170818,0.21056492092494777,0.35804047642395576,0.38749634839281544,Fagner,RB,brasileirao,2023
3893,24,0.371968874909713,0.38311988893445686,0.4166666666666667,0.008974685460725848,0.011151014024743888,0.04469779175695371,0.3543784914066903,0.38955925841273564,Jean Lucas,CM,brasileirao,2023
16557,45,0.3689277771968425,0.3449291289545398,0.4222222222222222,0.006069372419551981,-0.02399864824230269,0.05329444502537972,0.3570318072545206,0.3808237471391644,Joaquín Piquerez,LB,brasileirao,2023
18027,38,0.3680109109541782,0.30520798694711165,0.2631578947368421,0.008051253150938577,-0.06280292400706655,-0.10485301621733611,0.3522304547783386,0.3837913671300178,Lucas Evangelista,CM,brasileirao,2023
18082,21,0.3674668422212867,0.26078081821931737,0.3333333333333333,0.009957256821397866,-0.10668602400196936,-0.03413350888795341,0.3479506188513469,0.3869830655912265,Hugo,LB,brasileirao,2023
17989,35,0.36519797075627913,0.29947488320858956,0.2571428571428571,0.008151354982442002,-0.06572308754768957,-0.10805511361342202,0.3492213149906928,0.38117462652186546,Sander,LB,brasileirao,2023
1906,24,0.36319431702861876,0.35112761781294993,0.375,0.011884545380651515,-0.01206669921566883,0.011805682971381237,0.3399006080825418,0.3864880259746957,Marcal,LB,brasileirao,2023
17912,22,0.3626904708662868,0.3655543616682111,0.6363636363636364,0.009945950575450556,0.002863890801924285,0.27367316549734955,0.3431964077384037,0.3821845339941699,Emmanuel Martínez,CM,brasileirao,2023
18081,20,0.36186887057670286,0.42646744408692544,0.4,0.01528237092950073,0.06459857351022258,0.03813112942329716,0.3319154235548814,0.3918223175985243,Lucas Lima,CF,brasileirao,2023
18088,26,0.36136976902758666,0.3486064296958084,0.34615384615384615,0.011934581567228845,-0.012763339331778256,-0.015215922873740517,0.3379779891558181,0.3847615488993552,Artur,RW,brasileirao,2023
18548,21,0.3555289499926909,0.23965179622940946,0.23809523809523808,0.008460891073045594,-0.11587715376328145,-0.11743371189745283,0.3389456034895216,0.37211229649586025,Denilson,CM,brasileirao,2023
18579,30,0.3553293549462613,0.32400742454761294,0.3,0.009790635911044138,-0.031321930398648334,-0.05532935494626129,0.33613970856061476,0.3745190013319078,Bruno Rodrigues,LW,brasileirao,2023
16015,36,0.354538446588095,0.41826273217291726,0.3611111111111111,0.009516364244930747,0.06372428558482224,0.006572664523016081,0.3358863726680308,0.37319052050815926,Matheus Bidu,LB,brasileirao,2023
18028,26,0.3525448169819131,0.35275527376046895,0.23076923076923078,0.00722558667279544,0.00021045677855585643,-0.12177558621268231,0.338382667103234,0.3667069668605922,Helinho,RW,brasileirao,2023
2353,22,0.3520656066334543,0.3560359764475503,0.4090909090909091,0.01521868737985793,0.0039703698140959864,0.057025302457454796,0.3222369793689328,0.38189423389797583,Marcelino Moreno,CF,brasileirao,2023
16550,54,0.35024656350103595,0.32725728927297343,0.3888888888888889,0.006431809043388917,-0.022989274228062517,0.03864232538785295,0.3376402177759937,0.3628529092260782,Mayke,RB,brasileirao,2023
16148,41,0.3496465920792373,0.3747506300078643,0.3170731707317073,0.0072883800746566885,0.025104037928626977,-0.032573421347529996,0.3353613671329102,0.36393181702556443,Jhon Arias,AM,brasileirao,2023
4995,45,0.34736018565735877,0.34585315515399484,0.35555555555555557,0.0069569293337394655,-0.0015070305033639264,0.008195369898196803,0.3337246041632294,0.3609957671514881,William,RB,brasileirao,2023
18472,31,0.34663069426869025,0.3178322885407009,0.3548387096774194,0.00792797271782225,-0.028798405727989362,0.008208015408729119,0.33109186774175864,0.36216952079562187,Reinaldo,LB,brasileirao,2023
12963,53,0.3447856264998883,0.31749637337215014,0.3584905660377358,0.007538627754495045,-0.027289253127738167,0.013704939537847516,0.330009916101078,0.3595613368986986,Marlon,LB,brasileirao,2023
14526,25,0.3444323922059132,0.42802404480334283,0.56,0.009782694944248651,0.08359165259742962,0.21556760779408685,0.32525831011518586,0.36360647429664056,Leonel Di Placido,RB,brasileirao,2023
18029,25,0.3441218078940848,0.26871938130418377,0.24,0.010402267250899728,-0.07540242658990104,-0.10412180789408482,0.32373336408232134,0.3645102517058483,Sorriso,RW,brasileirao,2023
18421,25,0.342073176455254,0.39238383197637655,0.36,0.009383780830246949,0.05031065552112257,0.017926823544746007,0.32368096602797,0.360465386882538,Lucas Piton,LB,brasileirao,2023
17934,21,0.3405282583276819,0.29083768637585555,0.38095238095238093,0.00860083246060472,-0.04969057195182636,0.04042412262469902,0.32367062670489666,0.35738588995046716,Daniel Borges,RB,brasileirao,2023
16136,23,0.33896444831949446,0.28557250487044705,0.17391304347826086,0.010811893413610841,-0.05339194344904741,-0.1650514048412336,0.3177731372288172,0.3601557594101717,Ayrton Lucas,LB,brasileirao,2023
3084,30,0.3388601976055016,0.3282510504316735,0.3333333333333333,0.011555621824680957,-0.010609147173828104,-0.005526864272168308,0.31621117882912697,0.3615092163818763,Yeferson Soteldo,LW,brasileirao,2023
16175,29,0.3348039685479483,0.3813814176203327,0.3103448275862069,0.008479410472601083,0.04657744907238437,-0.0244591409617414,0.3181843240216502,0.3514236130742464,Tinga,RB,brasileirao,2023
16150,36,0.33107103976518554,0.29838110198089784,0.25,0.00782408636393338,-0.03268993778428769,-0.08107103976518554,0.3157358304918761,0.346406249038495,Keno,LW,brasileirao,2023
16245,20,0.3286034272419282,0.37402107359646847,0.45,0.010694118687439998,0.045417646354540264,0.12139657275807181,0.3076429546145458,0.3495638998693106,Fabricio Bustos,RB,brasileirao,2023
8378,27,0.32733071395574354,0.2517510686117928,0.25925925925925924,0.009857377493116305,-0.07557964534395073,-0.06807145469648429,0.3080102540692356,0.34665117384225147,Vitinho,LW,brasileirao,2023
18020,35,0.32515132137388114,0.3513551647252737,0.3142857142857143,0.009429501053117038,0.026203843351392586,-0.010865607088166862,0.3066694993097717,0.34363314343799056,Juninho Capixaba,LB,brasileirao,2023
7663,27,0.32458419635904007,0.35026086976777676,0.37037037037037035,0.007925189087422945,0.025676673408736694,0.04578617401133028,0.3090508257476911,0.34011756697038903,Ángel Romero,LW,brasileirao,2023
2364,21,0.32454071031290993,0.27078793737293094,0.19047619047619047,0.010163102782519388,-0.05375277293997899,-0.13406451983671946,0.3046210288591719,0.34446039176664794,Tomás Pochettino,AM,brasileirao,2023
18021,30,0.3242728814912212,0.261354186600448,0.2,0.007335279834155891,-0.06291869489077317,-0.12427288149122118,0.30989573301627565,0.3386500299661667,Andrés Hurtado,RB,brasileirao,2023
18000,22,0.3207064654577168,0.25346205008493844,0.18181818181818182,0.013935734891172159,-0.06724441537277837,-0.13888828363953498,0.29339242507101937,0.34802050584441424,Vinícius,LW,brasileirao,2023
5092,25,0.40387119300125074,0.3865838040290743,0.4,0.010447726804911375,-0.017287388972176465,-0.0038711930012507167,0.38339364846362445,0.42434873753887703,Michael Olise,RM,premier-league,2023-2024
3867,31,0.3884114211833228,0.3907898054377099,0.3225806451612903,0.008401553582771575,0.0023783842543871336,-0.06583077602203247,0.3719443761610905,0.40487846620555507,Pablo Sarabia,RW,premier-league,2023-2024
394,33,0.3864476436963274,0.4246847098501814,0.5454545454545454,0.0077901567793557305,0.03823706615385403,0.15900690175821802,0.3711789364087902,0.4017163509838646,James Ward-Prowse,AM,premier-league,2023-2024
448,50,0.3824246587693277,0.49127472909558895,0.42,0.006531478025834331,0.10885007032626126,0.0375753412306723,0.3696229618386924,0.39522635569996295,Pascal Groß,RW,premier-league,2023-2024
243,41,0.3805477665081906,0.35634101763494835,0.24390243902439024,0.007797155431231568,-0.024206748873242256,-0.13664532748380037,0.3652653418629767,0.3958301911534045,Morgan Gibbs-White,RW,premier-league,2023-2024
42,33,0.37929441278096854,0.4550823753726368,0.3939393939393939,0.008335838434126169,0.07578796259166826,0.014644981158425385,0.36295616945008125,0.39563265611185583,Trent Alexander-Arnold,RB,premier-league,2023-2024
1688,20,0.3729862134763611,0.3889420890198415,0.4,0.01110264249987076,0.015955875543480436,0.02701378652363895,0.3512250341766144,0.39474739277610776,Martin Ödegaard,CM,premier-league,2023-2024
7265,21,0.37027532266728713,0.40451780476417826,0.47619047619047616,0.011874139801295676,0.034242482096891125,0.10591515352318903,0.34700200865674763,0.39354863667782664,Ryan Giles,LM,premier-league,2023-2024
10715,20,0.36888077948526876,0.32946475511068246,0.4,0.010024029197308321,-0.0394160243745863,0.03111922051473126,0.34923368225854445,0.38852787671199307,Julian Alvarez,CF,premier-league,2023-2024
6943,59,0.36703632657383944,0.4114366088601813,0.3559322033898305,0.008506219193708016,0.04440028228634185,-0.01110412318400894,0.35036413695417173,0.38370851619350715,Alfie Doughty,LWB,premier-league,2023-2024
41,23,0.3647365838143985,0.3466527196679398,0.4782608695652174,0.008136827403563878,-0.018083864146458684,0.11352428575081891,0.3487884021034133,0.3806847655253837,Andrew Robertson,LB,premier-league,2023-2024
133,40,0.3638577135634532,0.3022992330201401,0.175,0.007642855592141407,-0.06155848054331309,-0.1888577135634532,0.34887771660285605,0.37883771052405035,Bruno Fernandes,AM,premier-league,2023-2024
163,49,0.36260322740217515,0.39781261779767363,0.3469387755102041,0.007984100525974239,0.035209390395498474,-0.015664451891971076,0.34695439037126563,0.3782520644330847,Bukayo Saka,RW,premier-league,2023-2024
251,52,0.36246385977059226,0.3381877753272647,0.36538461538461536,0.009083064585936794,-0.024276084443327572,0.0029207556140231072,0.3446610531821561,0.3802666663590284,Pedro Neto,LW,premier-league,2023-2024
162,31,0.3619214501528971,0.4228916600535589,0.41935483870967744,0.0065298777888388795,0.060970209900661765,0.05743338855678032,0.3491228896867729,0.3747200106190213,Gabriel Martinelli,LW,premier-league,2023-2024
134,32,0.3578968371730906,0.4605294449271372,0.34375,0.009975023611961828,0.10263260775404659,-0.01414683717309062,0.3383457908936454,0.3774478834525358,Andreas Pereira,AM,premier-league,2023-2024
6982,34,0.35707144459501666,0.323959590379073,0.2647058823529412,0.009713956630613049,-0.03311185421594365,-0.09236556224207548,0.3380320895990151,0.37611079959101823,Marcus Tavernier,LW,premier-league,2023-2024
502,44,0.3565709592713306,0.45186820634696845,0.4772727272727273,0.008243084250495716,0.09529724707563786,0.1207017680013967,0.340414514140359,0.3727274044023022,Dwight McNeil,LM,premier-league,2023-2024
4907,22,0.356018607364383,0.33690741884680775,0.18181818181818182,0.012015544647601994,-0.01911118851757526,-0.1742004255462012,0.3324681398550831,0.3795690748736829,Dominik Szoboszlai,CM,premier-league,2023-2024
109,29,0.3558294953130651,0.45656431325174196,0.3103448275862069,0.006574422360430535,0.10073481793867683,-0.04548466772685822,0.34294362748662127,0.368715363139509,Willian,LW,premier-league,2023-2024
5046,38,0.35559896612619735,0.36866139451971375,0.39473684210526316,0.009528584795435474,0.013062428393516401,0.03913787597906582,0.33692293992714384,0.37427499232525085,Ashley Young,RB,premier-league,2023-2024
589,24,0.35334409765525115,0.4014718841898146,0.3333333333333333,0.00999250290578989,0.048127786534563455,-0.02001076432191784,0.333758791959903,0.3729294033505993,Neco Williams,RB,premier-league,2023-2024
1377,23,0.35256085629031275,0.2933087422869852,0.43478260869565216,0.012711008715008229,-0.05925211400332753,0.08222175240533941,0.32764727920889664,0.37747443337172887,Kieran Trippier,RB,premier-league,2023-2024
8074,42,0.35169258424676425,0.22742612429129058,0.23809523809523808,0.006756888388206041,-0.12426645995547367,-0.11359734615152617,0.3384490830058804,0.3649360854876481,Pedro Porro,RB,premier-league,2023-2024
176,51,0.34543617943061783,0.3755198311229952,0.43137254901960786,0.006070533043924855,0.030083651692377367,0.08593636958899004,0.33353793466452514,0.3573344241967105,Lucas Digne,LB,premier-league,2023-2024
2015,31,0.3448419639733465,0.42061107864302877,0.3870967741935484,0.00781860300246194,0.07576911466968228,0.04225481022020189,0.3295175020885211,0.3601664258581719,Jack Harrison,RM,premier-league,2023-2024
483,25,0.34467468319639877,0.36463020656969564,0.44,0.008213652209233525,0.01995552337329687,0.09532531680360123,0.32857592486630105,0.3607734415264965,Jordan Ayew,RW,premier-league,2023-2024
493,22,0.34148220742790236,0.3563845589088497,0.4090909090909091,0.008045535585347095,0.014902351480947318,0.06760870166300675,0.32571295768062203,0.3572514571751827,Charlie Taylor,LB,premier-league,2023-2024
27,26,0.3406773987046084,0.3040656275224928,0.4230769230769231,0.009080452029703218,-0.036611771182115616,0.08239952437231468,0.3228797127263901,0.3584750846828267,Bernardo Silva,CM,premier-league,2023-2024
2063,38,0.3367593808037553,0.42946660089582867,0.42105263157894735,0.007252886762962992,0.09270722009207338,0.08429325077519206,0.3225437227483478,0.35097503885916276,Vladimir Coufal,RB,premier-league,2023-2024
3921,23,0.3364752810656269,0.442757071931401,0.5217391304347826,0.013188227616084874,0.1062817908657741,0.1852638493691557,0.31062635493810054,0.3623242071931533,Malo Gusto,RB,premier-league,2023-2024
127,21,0.33608813820725414,0.4607930299650994,0.42857142857142855,0.00870696779658107,0.12470489175784527,0.09248329036417441,0.31902248132595523,0.35315379508855305,Diogo Dalot,LB,premier-league,2023-2024
7583,23,0.33585971429182626,0.46418965127971096,0.4782608695652174,0.008267808977223004,0.1283299369878847,0.14240115527339114,0.3196548086964692,0.35206461988718335,Dejan Kulusevski,RW,premier-league,2023-2024
108,26,0.335738263091887,0.25480538348197795,0.19230769230769232,0.01081289549679287,-0.08093287960990903,-0.14343057078419466,0.314544987918173,0.356931538265601,Callum Hudson-Odoi,LW,premier-league,2023-2024
8031,33,0.3328416945588535,0.4033081103276821,0.3333333333333333,0.008219725557100736,0.07046641576882862,0.0004916387744798301,0.316731032466936,0.34895235665077096,Mohammed Kudus,RW,premier-league,2023-2024
4373,28,0.33222884683687154,0.3233352233978278,0.39285714285714285,0.007491725187181091,-0.008893623439043763,0.06062829602027131,0.3175450654699966,0.34691262820374646,Issa Kabore,RWB,premier-league,2023-2024
16,22,0.33010239381954115,0.2356813594654282,0.36363636363636365,0.009259022990139481,-0.09442103435411295,0.033533969816822495,0.31195470875886777,0.34825007888021453,Kyle Walker,RB,premier-league,2023-2024
9280,28,0.3289269392005894,0.31322065394788906,0.2857142857142857,0.008958793059732302,-0.015706285252700347,-0.04321265348630371,0.3113677048035141,0.3464861735976647,Chiedozie Ogbene,CM,premier-league,2023-2024
21496,28,0.32634408047063046,0.28166220576029105,0.2857142857142857,0.0078613222241639,-0.04468187471033941,-0.04062979475634476,0.3109358889112692,0.3417522720299917,Simon Adingra,RWB,premier-league,2023-2024
1916,20,0.32448552040756456,0.3479933169458437,0.3,0.0053841447461231845,0.023507796538279113,-0.024485520407564576,0.3139325967051631,0.335038444109966,Ben White,RB,premier-league,2023-2024
1973,50,0.3243502313889239,0.3957182326460819,0.3,0.005241149707605455,0.07136800125715803,-0.024350231388923893,0.3140775779620172,0.3346228848158306,Antonee Robinson,LB,premier-league,2023-2024
3112,24,0.32142020377454317,0.3109830824952943,0.20833333333333334,0.00796917701670265,-0.01043712127924884,-0.11308687044120982,0.305800616821806,0.33703979072728035,Anthony Elanga,LW,premier-league,2023-2024
1516,29,0.3211043356070144,0.3116808676380637,0.27586206896551724,0.008757081532694829,-0.009423467968950716,-0.045242266641497164,0.30394045580293255,0.33826821541109625,Nelson Semedo,RB,premier-league,2023-2024
581,20,0.32003595953161856,0.28110662315855656,0.4,0.009486011786069382,-0.03892933637306201,0.07996404046838146,0.30144337643092256,0.33862854263231457,Tyrick Mitchell,LB,premier-league,2023-2024
7174,20,0.3199375954716494,0.40252410682373896,0.5,0.010965196508998047,0.08258651135208955,0.1800624045283506,0.29844581031401324,0.3414293806292856,Harry Toffolo,LB,premier-league,2023-2024
191,25,0.3193473047611416,0.29297461965124416,0.16,0.010499573846168184,-0.02637268510989743,-0.1593473047611416,0.29876814002265195,0.33992646949963123,Alex Iwobi,LW,premier-league,2023-2024
1960,20,0.3182402028137476,0.38541458643401705,0.3,0.010271945974929017,0.06717438362026945,-0.018240202813747608,0.2981071887028867,0.3383732169246085,Timothy Castagne,RB,premier-league,2023-2024
1940,33,0.41001765423013564,0.38624829623976464,0.36363636363636365,0.006472109702196171,-0.023769357990371,-0.046381290593771995,0.39733231921383116,0.4227029892464401,Eberechi Eze,AM,premier-league,2024-2025
1688,22,0.4100034163191968,0.47538341794376765,0.4090909090909091,0.010106365325537731,0.06538000162457086,-0.0009125072282876734,0.3901949402811428,0.42981189235725076,Martin Ödegaard,CM,premier-league,2024-2025
265,30,0.40595834407398435,0.45339081890829785,0.36666666666666664,0.00885383727825493,0.04743247483431351,-0.039291677407317704,0.38860482300860466,0.42331186513936403,Declan Rice,CM,premier-league,2024-2025
133,51,0.3921417886462716,0.3855439863886332,0.35294117647058826,0.008667953344753527,-0.0065978022576383966,-0.039200612175683325,0.3751526000905547,0.4091309772019885,Bruno Fernandes,AM,premier-league,2024-2025
215,26,0.3860881338479424,0.36424856098329056,0.3076923076923077,0.009451733593345365,-0.021839572864651824,-0.07839582615563467,0.36756273600498546,0.4046135316908993,Youri Tielemans,CM,premier-league,2024-2025
5074,66,0.3842682071761496,0.3258131044146189,0.25757575757575757,0.006403362873169191,-0.05845510276153071,-0.12669244960039205,0.371717615944738,0.39681879840756124,Bryan Mbeumo,RW,premier-league,2024-2025
42,46,0.3840709733719887,0.39859691446263057,0.41304347826086957,0.00840670992540629,0.01452594109064187,0.028972504888880868,0.36759382191819234,0.40054812482578506,Trent Alexander-Arnold,RB,premier-league,2024-2025
502,36,0.3837825078083173,0.4514223423736281,0.5555555555555556,0.008207665722842053,0.06763983456531081,0.17177304774723828,0.36769548299154686,0.39986953262508773,Dwight McNeil,LM,premier-league,2024-2025
6982,34,0.3821718794876166,0.44631655002582027,0.5,0.0104814533650893,0.06414467053820366,0.1178281205123834,0.3616282308920416,0.4027155280831916,Marcus Tavernier,LW,premier-league,2024-2025
7398,26,0.38155157654475275,0.39165114843053617,0.2692307692307692,0.008954525940990669,0.01009957188578342,-0.11232080731398353,0.36400070570041104,0.39910244738909445,Ryan Manning,LB,premier-league,2024-2025
2003,42,0.3792362774866975,0.3343644518321514,0.2619047619047619,0.009012311420426689,-0.044871825654546116,-0.11733151558193561,0.3615721471026612,0.39690040787073383,Leif Davis,LWB,premier-league,2024-2025
21,21,0.3792211573789556,0.49375112399524984,0.47619047619047616,0.009160847409571298,0.11452996661629422,0.09696931881152054,0.3612658964561959,0.39717641830171535,Phil Foden,RM,premier-league,2024-2025
11856,21,0.3760711530208263,0.44711464229491943,0.6666666666666666,0.009707902581415552,0.07104348927409315,0.29059551364584035,0.3570436639612518,0.39509864208040074,Enzo Fernandez,CM,premier-league,2024-2025
11844,26,0.37559669544000723,0.3992876917221929,0.4230769230769231,0.009044420332548358,0.023690996282185683,0.04748022763691584,0.35786963158821244,0.393323759291802,Mateus Fernandes,AM,premier-league,2024-2025
296,39,0.3750639603041924,0.35640114739080714,0.358974358974359,0.0074327575150882055,-0.018662812913385285,-0.016089601329833447,0.36049575557461955,0.3896321650337653,Lewis Cook,CM,premier-league,2024-2025
163,28,0.3744006964748338,0.3399762343708138,0.5357142857142857,0.008426190949726745,-0.034424462104020004,0.16131358923945188,0.3578853622133694,0.3909160307362982,Bukayo Saka,RW,premier-league,2024-2025
596,37,0.37373292396379176,0.3617178457969094,0.3783783783783784,0.007743103472206326,-0.012015078166882354,0.004645454414586636,0.35855644115826735,0.3889094067693162,Cole Palmer,RW,premier-league,2024-2025
12779,53,0.3735578505015409,0.3779182453132702,0.33962264150943394,0.006479035564073217,0.0043603948117292846,-0.03393520899210695,0.3608589407959574,0.3862567602071244,Mikkel Damsgaard,CM,premier-league,2024-2025
134,28,0.37202011533134743,0.3639638058456968,0.2857142857142857,0.010095006755530449,-0.008056309485650615,-0.08630582961706174,0.35223390209050776,0.3918063285721871,Andreas Pereira,AM,premier-league,2024-2025
1377,20,0.3698607060969093,0.38117222604443957,0.25,0.008876132484942113,0.011311519947530269,-0.1198607060969093,0.3524634864264228,0.3872579257673958,Kieran Trippier,RB,premier-league,2024-2025
7070,27,0.36970357292447525,0.3725096307430068,0.25925925925925924,0.01184760797843167,0.002806057818531549,-0.11044431366521601,0.3464822612867492,0.3929248845622013,Lewis Hall,CM,premier-league,2024-2025
588,49,0.36739323567471815,0.38969741589473755,0.3877551020408163,0.00861597525987958,0.0223041802200194,0.020361866366098158,0.3505059241653542,0.3842805471840821,Anthony Gordon,LW,premier-league,2024-2025
1406,41,0.3664550540476877,0.48610078569473986,0.4146341463414634,0.007607071784056638,0.11964573164705217,0.048179092293775705,0.3515451933509367,0.3813649147444387,Pervis Estupinan,LB,premier-league,2024-2025
5046,24,0.3643548592385313,0.33634567325071746,0.4583333333333333,0.008284248318626905,-0.028009185987813823,0.09397847409480203,0.34811773253402256,0.38059198594304,Ashley Young,RB,premier-league,2024-2025
8074,66,0.3631868736455598,0.38642809522182137,0.4090909090909091,0.005620619341907574,0.023241221576261573,0.04590403544534932,0.35217045973542094,0.37420328755569865,Pedro Porro,RB,premier-league,2024-2025
22047,27,0.3625068713543895,0.33177617691842065,0.37037037037037035,0.008233196630085973,-0.030730694435968875,0.007863499015980824,0.346369805959421,0.37864393674935803,Yankuba Minteh,RW,premier-league,2024-2025
304,21,0.3622142979458548,0.35579585550975384,0.38095238095238093,0.012109669534529972,-0.006418442436100957,0.01873808300652613,0.33847934565817606,0.38594925023353355,David Brooks,RW,premier-league,2024-2025
7373,35,0.35995448180090583,0.4645436289661218,0.5428571428571428,0.007712530921999377,0.10458914716521595,0.18290266105623698,0.34483792119378703,0.37507104240802464,Omari Hutchinson,RM,premier-league,2024-2025
27,24,0.3593392272069343,0.37355081610079893,0.2916666666666667,0.007891704837437468,0.014211588893864646,-0.0676725605402676,0.34387148572555687,0.3748069686883117,Bernardo Silva,CM,premier-league,2024-2025
41,35,0.3587973197147034,0.331999040354412,0.42857142857142855,0.006946697372580757,-0.026798279360291388,0.06977410885672514,0.3451817928644451,0.3724128465649617,Andrew Robertson,LB,premier-league,2024-2025
4737,25,0.3584484879346228,0.3063012629340307,0.32,0.00945137693363764,-0.0521472250005921,-0.0384484879346228,0.339923789144693,0.3769731867245526,Jesper Lindström,AM,premier-league,2024-2025
4850,45,0.3578598317303378,0.2801125618498476,0.37777777777777777,0.008861661428509084,-0.07774726988049019,0.01991794604743996,0.34049097533046,0.3752286881302156,Matheus Cunha,AM,premier-league,2024-2025
15632,33,0.35607279306421713,0.3603502537794179,0.3939393939393939,0.010723263695598636,0.004277460715200743,0.03786660087517679,0.3350551962208438,0.3770903899075905,Victor Kristiansen,LB,premier-league,2024-2025
7023,37,0.35494644156902655,0.3954849199947871,0.43243243243243246,0.007235750080229747,0.04053847842576053,0.0774859908634059,0.34076437141177623,0.36912851172627686,Keane Lewis-Potter,LWB,premier-league,2024-2025
176,41,0.3547187180627967,0.40878858762964604,0.4146341463414634,0.009604086617246353,0.05406986956684934,0.059915428278666694,0.33589470829299384,0.37354272783259956,Lucas Digne,LB,premier-league,2024-2025
22,39,0.3546714104073684,0.2653111402460808,0.28205128205128205,0.006319854553532542,-0.08936027016128756,-0.07262012835608633,0.3422844954824446,0.36705832533229216,Kevin De Bruyne,CM,premier-league,2024-2025
251,52,0.35428580529631265,0.4193582955278001,0.46153846153846156,0.0060663163105379595,0.06507249023148742,0.10725265624214891,0.3423958253276583,0.366175785264967,Pedro Neto,LW,premier-league,2024-2025
11094,34,0.35348828229302426,0.387164420803948,0.35294117647058826,0.005516062008672555,0.033676138510923714,-0.0005471058224360004,0.342676800756026,0.3642997638300225,Cody Gakpo,LW,premier-league,2024-2025
94,22,0.3528863248683924,0.3197421991276887,0.5454545454545454,0.012356164426542261,-0.03314412574070369,0.19256822058615303,0.32866824259236954,0.37710440714441523,Emerson,LB,premier-league,2024-2025
4047,29,0.34841937483473673,0.3715779542456251,0.27586206896551724,0.008755191216808624,0.02315857941088839,-0.07255730586921949,0.3312592000497918,0.36557954961968164,Justin Kluivert,LW,premier-league,2024-2025
2072,28,0.34730803005579036,0.4073760232222949,0.4642857142857143,0.009151882266805586,0.06006799316650452,0.11697768422992394,0.32937034081285144,0.3652457192987293,Rayan Ait Nouri,LB,premier-league,2024-2025
8079,20,0.346811272766914,0.39338608160826755,0.35,0.007748136548349212,0.046574808841353565,0.0031887272330859973,0.33162492513214953,0.36199762040167843,Matheus Nunes,CM,premier-league,2024-2025
2015,38,0.345983299033207,0.30629296733815686,0.39473684210526316,0.008168080575785887,-0.03969033169505015,0.04875354307205615,0.3299738611046667,0.36199273696174733,Jack Harrison,RM,premier-league,2024-2025
162,33,0.34451187434754044,0.3249621199101829,0.2727272727272727,0.007363810901197251,-0.019549754437357514,-0.07178460162026773,0.33007880498119385,0.358944943713887,Gabriel Martinelli,LW,premier-league,2024-2025
7072,46,0.3443733255423531,0.36149513882689965,0.391304347826087,0.007857943495158516,0.01712181328454654,0.04693102228373386,0.32897175629184244,0.3597748947928638,Vitaliy Mykolenko,LB,premier-league,2024-2025
455,29,0.3439134094118052,0.36606907692203755,0.4482758620689655,0.008612682835186543,0.022155667510232346,0.10436245265716032,0.3270325510548396,0.3607942677687708,Leandro Trossard,CF,premier-league,2024-2025
250,42,0.34357135164488,0.3922092596459439,0.5238095238095238,0.0051042593379154785,0.04863790800106388,0.18023817216464383,0.33356700334256567,0.35357569994719434,Adama Traoré,RW,premier-league,2024-2025
191,50,0.3433542330370438,0.39219171169069406,0.34,0.005529966889516917,0.048837478653650235,-0.0033542330370437967,0.33251549793359064,0.354192968140497,Alex Iwobi,LW,premier-league,2024-2025
19938,38,0.34225636430003714,0.3800939188434369,0.34210526315789475,0.006450932388475113,0.037837554543399765,-0.00015110114214239578,0.3296125368186259,0.3549001917814484,Daniel Muñoz,RWB,premier-league,2024-2025
345,46,0.3401567784134031,0.3105679378376025,0.2826086956521739,0.005945605411030638,-0.02958884057580058,-0.05754808276122919,0.32850339180778304,0.3518101650190231,Jacob Murphy,RW,premier-league,2024-2025
3112,51,0.3400687515997548,0.28445857006483477,0.3333333333333333,0.008028654723282659,-0.05561018153492003,-0.006735418266421489,0.3243325883421208,0.3558049148573888,Anthony Elanga,LW,premier-league,2024-2025
11096,28,0.33847403135058035,0.3793295910773365,0.35714285714285715,0.009519254614046936,0.04085555972675614,0.0186688257922768,0.31981629230704833,0.35713177039411237,Savinho,LM,premier-league,2024-2025
13867,27,0.33802876431854306,0.2754807065285552,0.25925925925925924,0.011449944551674501,-0.06254805778998784,-0.07876950505928382,0.315586872997261,0.3604706556398251,Bilal El Khannouss,AM,premier-league,2024-2025
581,43,0.3379431938263496,0.32107203940044476,0.2558139534883721,0.005542226370784974,-0.01687115442590481,-0.08212924033797747,0.327080430139611,0.3488059575130881,Tyrick Mitchell,LB,premier-league,2024-2025
589,28,0.3376427085233073,0.30164398780809887,0.4642857142857143,0.010029136730806238,-0.03599872071520843,0.126643005762407,0.31798560053092706,0.35729981651568754,Neco Williams,RB,premier-league,2024-2025
219,21,0.3366025857280983,0.29328905968174557,0.38095238095238093,0.007899901378773708,-0.043313526046352746,0.04434979522428262,0.32111877902570185,0.3520863924304948,Harvey Barnes,LW,premier-league,2024-2025
11129,30,0.33570227638452643,0.3664563954374268,0.4,0.009484905149436517,0.030754119052900375,0.06429772361547359,0.31711186229163085,0.354292690477422,Yukinari Sugawara,RB,premier-league,2024-2025
108,27,0.33393948437788545,0.41907564837026,0.4074074074074074,0.01166732371174289,0.08513616399237456,0.07346792302952193,0.3110715299028694,0.3568074388529015,Callum Hudson-Odoi,LW,premier-league,2024-2025
126,29,0.333852655962318,0.3068049997545816,0.1724137931034483,0.00825750013962563,-0.027047656207736415,-0.16143886285886971,0.31766795568865175,0.35003735623598425,Aaron Wan-Bissaka,RB,premier-league,2024-2025
10704,27,0.33369506169864627,0.37591319798389605,0.37037037037037035,0.008628996496084914,0.042218136285249785,0.03667530867172408,0.3167822285663198,0.3506078948309727,Kaoru Mitoma,LWB,premier-league,2024-2025
11095,27,0.3336338422674035,0.35706622651756964,0.3333333333333333,0.00860820651122326,0.02343238425016614,-0.0003005089340701872,0.3167617575054059,0.3505059270294011,Noni Madueke,RW,premier-league,2024-2025
56,26,0.3328429140084674,0.3174696090064337,0.3076923076923077,0.009509569347560361,-0.01537330500203371,-0.025150606316159674,0.31420415808724905,0.3514816699296857,Mohamed Salah,RW,premier-league,2024-2025
4074,34,0.3320238766067247,0.3291565864749368,0.35294117647058826,0.00789637541890648,-0.0028672901317879362,0.020917299863863537,0.316546980785668,0.34750077242778143,Stephy Mavididi,LW,premier-league,2024-2025
8031,28,0.3314875863969859,0.3813033379123661,0.5357142857142857,0.008844357278745286,0.0498157515153802,0.2042266993172998,0.31415264613064514,0.34882252666332664,Mohammed Kudus,RW,premier-league,2024-2025
1516,29,0.3312624304920196,0.3700056496443887,0.3793103448275862,0.010211667554563982,0.03874321915236911,0.0480479143355666,0.3112475620850742,0.351277298898965,Nelson Semedo,RB,premier-league,2024-2025
2053,23,0.32980758982670244,0.18690175086955407,0.391304347826087,0.0071089661618224075,-0.14290583895714837,0.06149675799938453,0.31587401614953053,0.34374116350387435,Ola Aina,RB,premier-league,2024-2025
243,20,0.32755284578657007,0.3430656275993242,0.45,0.010789745834254827,0.015512781812754117,0.12244715421342994,0.3064049439514306,0.34870074762170955,Morgan Gibbs-White,RW,premier-league,2024-2025
7192,29,0.3268871328865806,0.2674409611460331,0.20689655172413793,0.0075843205333855235,-0.059446171740547504,-0.11999058116244268,0.312021864641145,0.3417524011320162,Antoine Semenyo,CF,premier-league,2024-2025
11128,46,0.32639486045230154,0.4238912143661721,0.41304347826086957,0.007110726789150887,0.09749635391387057,0.08664861780856803,0.3124578359455658,0.34033188495903727,Milos Kerkez,LB,premier-league,2024-2025
210,22,0.3258979797363897,0.2583409852608755,0.22727272727272727,0.008251453052010495,-0.06755699447551416,-0.09862525246366241,0.3097251317544491,0.34207082771833025,James Justin,RB,premier-league,2024-2025
127,27,0.32580312696558794,0.29440127088493834,0.2962962962962963,0.009336906097419837,-0.031401856080649604,-0.02950683066929166,0.30750279101464506,0.3441034629165308,Diogo Dalot,LB,premier-league,2024-2025
428,35,0.3244995953175363,0.2953707941699284,0.34285714285714286,0.006956602973402142,-0.029128801147607908,0.018357547539606556,0.31086465348966813,0.3381345371454045,Ismaïla Sarr,RW,premier-league,2024-2025
4021,21,0.32402783200827695,0.33090265364731625,0.19047619047619047,0.009225471374789039,0.006874821639039297,-0.13355164153208648,0.30594590811369043,0.34210975590286347,Jérémy Doku,LW,premier-league,2024-2025
4517,38,0.3224455186364783,0.2814095295187184,0.2631578947368421,0.007351523911030205,-0.04103598911775991,-0.05928762389963621,0.3080365317708591,0.3368545055020975,Dango Ouattara,RW,premier-league,2024-2025
1973,74,0.3189308897794343,0.37311217818057524,0.3108108108108108,0.0042915394718073575,0.05418128840114095,-0.00812007896862349,0.31051947241469186,0.3273423071441767,Antonee Robinson,LB,premier-league,2024-2025
274,27,0.31246364358636614,0.29075929106715503,0.25925925925925924,0.010562474548919806,-0.0217043525192111,-0.05320438432710689,0.2917611934704833,0.333166093702249,Jarrod Bowen,CF,premier-league,2024-2025
